job_id,title,company_id,location_id,salary_id,post_date
1,Software Dev,44,29,1,2025-10-07
2,Software Dev,37,24,2,07/10/2025
3,ETL Specialist,25,14,3,2025/10/07
4,Machine Learning Engr.,42,2,4,07/10/2025
5,Data Engineer,12,5,5,"Oct 07, 2025"
6,Fullstack Developer,1,5,6,"Oct 07, 2025"
7,Fullstack Developer,11,3,7,2025-10-07
8,Machine Learning Engr.,49,18,8,2025-10-07
9,Data Engineer,26,5,9,07/10/2025
10,AI ML Engineer,27,23,10,"Oct 07, 2025"
11,ETL Specialist,29,22,11,2025/10/07
12,Data Engineer,49,15,12,07/10/2025
13,Cloud Data Engineer,23,3,13,2025-10-07
14,Cloud Data Engineer,39,3,14,2025-10-07
15,Machine Learning Engr.,41,17,15,07/10/2025
16,Backend Engr,22,18,16,"Oct 07, 2025"
17,Backend Engr,37,21,17,"Oct 07, 2025"
18,Backend Engr,31,11,18,"Oct 07, 2025"
19,AI ML Engineer,41,28,19,2025-10-07
20,AI ML Engineer,10,23,20,07/10/2025
21,Machine Learning Engr.,26,20,21,2025-10-07
22,Backend Engr,10,14,22,2025-10-07
23,Cloud Data Engineer,41,28,23,2025-10-07
24,ETL Specialist,27,14,24,2025-10-07
25,ETL Specialist,33,20,25,07/10/2025
26,ETL Specialist,28,19,26,"Oct 07, 2025"
27,Python Developer,5,4,27,2025/10/07
28,Data Engineer,32,23,28,07/10/2025
29,Data Engineer,33,9,29,2025-10-07
30,Software Dev,20,15,30,2025/10/07
31,Data Analyst,10,21,31,2025-10-07
32,Software Dev,3,20,32,"Oct 07, 2025"
33,Backend Engr,12,29,33,2025-10-07
34,ETL Specialist,24,13,34,2025-10-07
35,Data Analyst,8,26,35,"Oct 07, 2025"
36,Data Engineer,26,18,36,2025-10-07
37,ETL Specialist,28,3,37,2025/10/07
38,Backend Engr,12,18,38,2025-10-07
39,Fullstack Developer,13,22,39,2025-10-07
40,Backend Engr,13,22,40,2025/10/07
41,Software Dev,17,4,41,"Oct 07, 2025"
42,Backend Engr,14,14,42,"Oct 07, 2025"
43,ETL Specialist,19,2,43,2025-10-07
44,Fullstack Developer,20,6,44,2025/10/07
45,Backend Engr,45,28,45,2025/10/07
46,Machine Learning Engr.,15,13,46,07/10/2025
47,Python Developer,16,5,47,2025-10-07
48,Fullstack Developer,2,14,48,"Oct 07, 2025"
49,Data Analyst,40,5,49,2025-10-07
50,Machine Learning Engr.,30,16,50,2025/10/07
51,Backend Engr,25,1,51,2025-10-07
52,Cloud Data Engineer,33,9,52,"Oct 07, 2025"
53,Fullstack Developer,32,29,53,"Oct 07, 2025"
54,Data Engineer,4,10,54,07/10/2025
55,Python Developer,15,12,55,07/10/2025
56,Data Analyst,36,26,56,2025-10-07
57,Python Developer,1,16,57,2025-10-07
58,Backend Engr,27,30,58,2025-10-07
59,ETL Specialist,17,16,59,2025/10/07
60,Machine Learning Engr.,7,20,60,07/10/2025
61,Software Dev,25,27,61,2025/10/07
62,Python Developer,14,6,62,2025/10/07
63,Data Analyst,3,29,63,2025/10/07
64,Fullstack Developer,45,4,64,"Oct 07, 2025"
65,AI ML Engineer,1,27,65,"Oct 07, 2025"
66,Software Dev,5,20,66,"Oct 07, 2025"
67,Machine Learning Engr.,38,2,67,07/10/2025
68,ETL Specialist,2,29,68,07/10/2025
69,Data Engineer,45,1,69,"Oct 07, 2025"
70,Cloud Data Engineer,14,16,70,2025-10-07
71,Cloud Data Engineer,31,23,71,"Oct 07, 2025"
72,ETL Specialist,39,11,72,07/10/2025
73,ETL Specialist,27,24,73,"Oct 07, 2025"
74,Backend Engr,34,21,74,2025/10/07
75,AI ML Engineer,1,12,75,2025/10/07
76,Cloud Data Engineer,30,18,76,07/10/2025
77,Machine Learning Engr.,28,6,77,"Oct 07, 2025"
78,Python Developer,38,22,78,"Oct 07, 2025"
79,Machine Learning Engr.,34,14,79,07/10/2025
80,Software Dev,8,4,80,2025-10-07
81,Fullstack Developer,7,9,81,"Oct 07, 2025"
82,Fullstack Developer,12,24,82,2025/10/07
83,Data Engineer,20,11,83,"Oct 07, 2025"
84,Python Developer,46,30,84,2025/10/07
85,Data Engineer,32,8,85,"Oct 07, 2025"
86,AI ML Engineer,3,27,86,2025/10/07
87,Backend Engr,11,4,87,"Oct 07, 2025"
88,Fullstack Developer,14,9,88,"Oct 07, 2025"
89,Data Analyst,33,12,89,2025-10-07
90,Software Dev,31,29,90,2025-10-07
91,Data Analyst,8,10,91,2025/10/07
92,Python Developer,45,30,92,2025/10/07
93,Backend Engr,13,28,93,"Oct 07, 2025"
94,Backend Engr,50,22,94,"Oct 07, 2025"
95,Cloud Data Engineer,25,12,95,"Oct 07, 2025"
96,Python Developer,10,23,96,2025-10-07
97,Cloud Data Engineer,16,13,97,"Oct 07, 2025"
98,Data Engineer,37,12,98,"Oct 07, 2025"
99,Software Dev,16,29,99,2025/10/07
100,Python Developer,15,12,100,07/10/2025
101,Fullstack Developer,42,17,101,2025-10-07
102,Data Analyst,46,16,102,07/10/2025
103,Data Analyst,17,24,103,2025-10-07
104,AI ML Engineer,15,6,104,2025-10-07
105,Backend Engr,47,30,105,2025-10-07
106,Python Developer,44,18,106,"Oct 07, 2025"
107,Cloud Data Engineer,49,11,107,07/10/2025
108,Python Developer,3,16,108,2025/10/07
109,Fullstack Developer,45,20,109,2025/10/07
110,Backend Engr,40,26,110,2025/10/07
111,Data Engineer,13,17,111,2025/10/07
112,ETL Specialist,35,14,112,"Oct 07, 2025"
113,ETL Specialist,39,11,113,2025/10/07
114,Machine Learning Engr.,45,1,114,07/10/2025
115,Data Analyst,25,19,115,2025-10-07
116,Data Analyst,28,18,116,2025-10-07
117,ETL Specialist,16,25,117,2025/10/07
118,Python Developer,3,10,118,07/10/2025
119,Fullstack Developer,47,8,119,2025/10/07
120,AI ML Engineer,1,4,120,2025-10-07
121,Machine Learning Engr.,48,19,121,2025-10-07
122,Fullstack Developer,4,24,122,"Oct 07, 2025"
123,AI ML Engineer,28,3,123,07/10/2025
124,Software Dev,21,27,124,2025/10/07
125,ETL Specialist,27,3,125,2025-10-07
126,Python Developer,36,5,126,2025-10-07
127,Software Dev,50,20,127,2025/10/07
128,Fullstack Developer,23,5,128,2025/10/07
129,Machine Learning Engr.,24,9,129,2025-10-07
130,Backend Engr,32,12,130,07/10/2025
131,Data Analyst,40,30,131,2025/10/07
132,Python Developer,40,23,132,2025/10/07
133,Data Analyst,28,28,133,07/10/2025
134,Cloud Data Engineer,25,15,134,07/10/2025
135,Fullstack Developer,37,1,135,"Oct 07, 2025"
136,Data Engineer,40,6,136,"Oct 07, 2025"
137,Fullstack Developer,17,16,137,07/10/2025
138,Data Analyst,32,10,138,2025-10-07
139,ETL Specialist,12,10,139,2025/10/07
140,Backend Engr,12,16,140,2025/10/07
141,Machine Learning Engr.,7,24,141,07/10/2025
142,Cloud Data Engineer,30,22,142,"Oct 07, 2025"
143,AI ML Engineer,17,20,143,2025/10/07
144,Machine Learning Engr.,12,23,144,2025-10-07
145,Data Engineer,46,15,145,"Oct 07, 2025"
146,Data Analyst,25,5,146,07/10/2025
147,Software Dev,44,17,147,"Oct 07, 2025"
148,Backend Engr,21,15,148,07/10/2025
149,Machine Learning Engr.,15,12,149,2025-10-07
150,Machine Learning Engr.,39,10,150,2025-10-07
151,Data Analyst,27,27,151,2025/10/07
152,Backend Engr,45,22,152,07/10/2025
153,AI ML Engineer,10,24,153,2025/10/07
154,Python Developer,39,6,154,2025-10-07
155,Data Analyst,33,17,155,2025-10-07
156,Data Analyst,33,9,156,"Oct 07, 2025"
157,Machine Learning Engr.,18,18,157,2025-10-07
158,Python Developer,46,13,158,"Oct 07, 2025"
159,Python Developer,30,4,159,07/10/2025
160,Fullstack Developer,30,22,160,"Oct 07, 2025"
161,Fullstack Developer,47,28,161,"Oct 07, 2025"
162,Data Analyst,16,15,162,07/10/2025
163,Data Analyst,13,7,163,2025-10-07
164,Software Dev,47,30,164,2025-10-07
165,Backend Engr,25,4,165,2025-10-07
166,AI ML Engineer,8,25,166,2025-10-07
167,ETL Specialist,9,2,167,07/10/2025
168,Backend Engr,2,4,168,07/10/2025
169,Fullstack Developer,29,24,169,"Oct 07, 2025"
170,Fullstack Developer,30,28,170,2025-10-07
171,Data Analyst,4,8,171,2025-10-07
172,Software Dev,35,25,172,07/10/2025
173,Machine Learning Engr.,33,23,173,2025/10/07
174,AI ML Engineer,30,28,174,"Oct 07, 2025"
175,Data Analyst,2,6,175,2025/10/07
176,Machine Learning Engr.,49,4,176,07/10/2025
177,Fullstack Developer,38,16,177,"Oct 07, 2025"
178,Data Engineer,30,20,178,07/10/2025
179,Machine Learning Engr.,29,11,179,2025/10/07
180,Data Analyst,45,16,180,07/10/2025
181,Data Analyst,49,15,181,2025/10/07
182,Machine Learning Engr.,20,21,182,07/10/2025
183,Fullstack Developer,23,5,183,2025-10-07
184,Data Engineer,4,20,184,2025/10/07
185,Data Engineer,42,6,185,07/10/2025
186,Backend Engr,11,4,186,2025/10/07
187,Backend Engr,41,23,187,"Oct 07, 2025"
188,Machine Learning Engr.,39,17,188,"Oct 07, 2025"
189,Backend Engr,23,29,189,2025-10-07
190,AI ML Engineer,27,20,190,07/10/2025
191,Cloud Data Engineer,29,26,191,"Oct 07, 2025"
192,Machine Learning Engr.,17,7,192,2025-10-07
193,Python Developer,46,21,193,07/10/2025
194,AI ML Engineer,44,4,194,2025/10/07
195,AI ML Engineer,35,2,195,"Oct 07, 2025"
196,AI ML Engineer,14,5,196,2025/10/07
197,Machine Learning Engr.,35,24,197,2025/10/07
198,Software Dev,15,1,198,"Oct 07, 2025"
199,AI ML Engineer,8,22,199,"Oct 07, 2025"
200,Software Dev,46,11,200,"Oct 07, 2025"
201,Machine Learning Engr.,16,23,201,2025-10-07
202,Cloud Data Engineer,19,25,202,07/10/2025
203,Cloud Data Engineer,17,13,203,2025/10/07
204,Software Dev,37,9,204,2025-10-07
205,Cloud Data Engineer,39,17,205,2025/10/07
206,Python Developer,22,24,206,2025-10-07
207,AI ML Engineer,23,2,207,07/10/2025
208,Data Engineer,46,17,208,2025-10-07
209,Backend Engr,36,17,209,07/10/2025
210,Cloud Data Engineer,26,16,210,2025/10/07
211,Cloud Data Engineer,9,7,211,2025-10-07
212,Python Developer,26,2,212,2025-10-07
213,Fullstack Developer,49,8,213,"Oct 07, 2025"
214,Backend Engr,2,18,214,"Oct 07, 2025"
215,Machine Learning Engr.,23,7,215,07/10/2025
216,Python Developer,47,3,216,"Oct 07, 2025"
217,Data Engineer,1,17,217,2025-10-07
218,Python Developer,17,3,218,"Oct 07, 2025"
219,Software Dev,19,24,219,"Oct 07, 2025"
220,Machine Learning Engr.,45,22,220,2025-10-07
221,Python Developer,38,17,221,07/10/2025
222,AI ML Engineer,44,21,222,07/10/2025
223,Machine Learning Engr.,36,10,223,"Oct 07, 2025"
224,Machine Learning Engr.,31,16,224,2025-10-07
225,Cloud Data Engineer,23,7,225,07/10/2025
226,ETL Specialist,50,24,226,2025/10/07
227,ETL Specialist,1,14,227,2025-10-07
228,AI ML Engineer,26,9,228,"Oct 07, 2025"
229,Fullstack Developer,34,18,229,07/10/2025
230,Fullstack Developer,43,15,230,"Oct 07, 2025"
231,Data Analyst,25,8,231,2025-10-07
232,Backend Engr,30,12,232,2025-10-07
233,Cloud Data Engineer,37,2,233,"Oct 07, 2025"
234,Cloud Data Engineer,47,23,234,07/10/2025
235,Python Developer,45,10,235,2025-10-07
236,Software Dev,22,21,236,07/10/2025
237,Python Developer,7,20,237,2025-10-07
238,Backend Engr,5,19,238,2025/10/07
239,Machine Learning Engr.,35,22,239,2025/10/07
240,Data Analyst,30,4,240,2025-10-07
241,Machine Learning Engr.,46,27,241,2025/10/07
242,Backend Engr,19,24,242,07/10/2025
243,Machine Learning Engr.,45,27,243,07/10/2025
244,Cloud Data Engineer,5,16,244,2025-10-07
245,Machine Learning Engr.,39,17,245,07/10/2025
246,Python Developer,30,2,246,2025/10/07
247,AI ML Engineer,41,8,247,07/10/2025
248,Python Developer,33,20,248,2025-10-07
249,ETL Specialist,14,30,249,"Oct 07, 2025"
250,Backend Engr,34,8,250,2025-10-07
251,Data Engineer,43,3,251,2025-10-07
252,Cloud Data Engineer,14,12,252,2025-10-07
253,Machine Learning Engr.,10,14,253,2025/10/07
254,Python Developer,43,14,254,2025/10/07
255,ETL Specialist,41,17,255,2025/10/07
256,Python Developer,3,19,256,2025-10-07
257,Backend Engr,13,18,257,2025/10/07
258,Data Engineer,34,1,258,2025/10/07
259,Fullstack Developer,42,4,259,07/10/2025
260,Cloud Data Engineer,33,24,260,"Oct 07, 2025"
261,Cloud Data Engineer,14,7,261,2025-10-07
262,Cloud Data Engineer,32,12,262,"Oct 07, 2025"
263,Python Developer,12,11,263,"Oct 07, 2025"
264,Python Developer,43,9,264,2025-10-07
265,ETL Specialist,42,22,265,07/10/2025
266,Backend Engr,29,12,266,07/10/2025
267,Data Analyst,37,28,267,"Oct 07, 2025"
268,AI ML Engineer,6,11,268,07/10/2025
269,Software Dev,19,24,269,2025/10/07
270,AI ML Engineer,13,10,270,07/10/2025
271,Python Developer,2,20,271,07/10/2025
272,Backend Engr,18,1,272,2025-10-07
273,Software Dev,45,29,273,"Oct 07, 2025"
274,Backend Engr,15,23,274,07/10/2025
275,Backend Engr,20,29,275,2025/10/07
276,ETL Specialist,8,16,276,"Oct 07, 2025"
277,Backend Engr,35,14,277,2025-10-07
278,Backend Engr,22,11,278,2025/10/07
279,Data Engineer,20,20,279,"Oct 07, 2025"
280,Machine Learning Engr.,50,17,280,"Oct 07, 2025"
281,Fullstack Developer,27,1,281,2025/10/07
282,Backend Engr,22,3,282,"Oct 07, 2025"
283,Backend Engr,12,30,283,07/10/2025
284,Python Developer,35,27,284,2025-10-07
285,Python Developer,43,26,285,"Oct 07, 2025"
286,Backend Engr,12,22,286,2025-10-07
287,Software Dev,11,20,287,"Oct 07, 2025"
288,Python Developer,36,15,288,07/10/2025
289,Machine Learning Engr.,15,4,289,2025/10/07
290,Python Developer,39,21,290,"Oct 07, 2025"
291,Software Dev,6,8,291,07/10/2025
292,Data Analyst,19,30,292,"Oct 07, 2025"
293,Software Dev,35,3,293,2025/10/07
294,Data Engineer,11,18,294,2025/10/07
295,Backend Engr,3,27,295,2025-10-07
296,ETL Specialist,31,11,296,"Oct 07, 2025"
297,ETL Specialist,25,3,297,"Oct 07, 2025"
298,Software Dev,23,22,298,2025-10-07
299,AI ML Engineer,7,8,299,2025-10-07
300,Machine Learning Engr.,49,19,300,2025/10/07
